Code,2001,2002,2003,2004,2005,2006,2007,2008,2009,2010,2011,2012,2013,2014,2015,2016,2017,2018
1,0.0,0.0,0.0,0.0,0.0,0.0,0.0,0.0,0.0,0.0,2.2398924851607124e-05,1.62141894425359e-05,5.171825275054908e-06,1.2009150973041458e-05,1.288023527896443e-05,5.288044172795657e-05,0.0,0.0
2,0.014164693022408453,0.011499651525711342,0.01115971007248188,0.014583950251702695,0.011931849714190576,0.010207392984629908,0.008268646641916975,0.009342611065154981,0.009321890985403512,0.012967298855068931,0.014093403516631202,0.016100690116438148,0.017173907796698997,0.01994119519073534,0.019526436682910073,0.027057159350804445,0.023610892491736188,0.02761606880072632
3,0.00044027448837068075,0.0009696675858307324,0.0007998000499875031,0.002305512077499048,0.0006729008269049337,0.0004425170369059209,0.0004102889890346959,0.0010553014451851492,0.005255860143529015,0.0007520941336657574,0.00046813752939858886,0.00080057560372521,0.0014205280088817479,0.0008286314171398606,0.0004357812936049632,0.0007006658528954245,0.0011525613445966035,0.0008995841294070893
4,0.012327685674379061,0.014923790188176116,0.008860284928767809,0.010438258809594314,0.01012819801320828,0.0073247105727856235,0.0059922045092083405,0.006231448591309426,0.004637523656055013,0.006934445911321892,0.007322208533990369,0.007075466917986603,0.006957828936707202,0.008222265366209052,0.006974647403559239,0.007416481952345909,0.005883484617940781,0.006684525323875229
5,0.0,0.0,0.0,5.287871737383138e-05,0.0,4.21444797053258e-06,1.3235128678538576e-05,2.128850177606929e-05,9.368734658696996e-06,2.299982060139931e-05,1.1199462425803562e-05,8.10709472126795e-06,8.61970879175818e-06,1.0007625810867882e-05,6.440117639482215e-06,0.0,0.0,0.0
6,6.0727515637335276e-05,0.0,2.4993751562109472e-05,0.0,2.7748487707419947e-05,0.0,0.0,0.0,4.684367329348498e-06,1.1499910300699655e-05,8.95956994064285e-06,4.053547360633975e-06,3.4478835167032715e-06,0.0,8.58682351930962e-06,0.0,8.744774996939329e-06,3.3256344894901636e-06
7,0.0029604663873200945,0.002636283748977304,0.0023869032741814546,0.0031832987859046493,0.0029621510627670794,0.0022420863203233324,0.0017338018568885537,0.0017304510729404894,0.00165358166726002,0.0025460801405749033,0.0026184343151528728,0.002732090921067299,0.0032599738650429433,0.003260484489180756,0.0023935770560075563,0.0028445270946163303,0.002565716984101999,0.0022930249805034678
8,0.001594097285480051,0.0011666313142026,0.000899775056235941,0.0013325436778205508,0.0012486819468338975,0.0010241108568394169,0.000595580790534236,0.0007268502749257944,0.0007026550994022748,0.0010855915323860475,0.0010325904356590883,0.001118779071534977,0.0017791078946188881,0.0015792033529549517,0.0009788978812012967,0.0013330278018922385,0.0011560592545953794,0.0010409235952104211
9,0.00437238112588814,0.004439259416381322,0.004048987753061735,0.00650408223698126,0.005598257394971974,0.006578753282001357,0.005995513291377976,0.005492433458225877,0.005377653694092076,0.005805154719793186,0.006294097883301601,0.007644990322155676,0.007264690569693794,0.007457682754258745,0.007964278814159672,0.009522886214509512,0.007240673697465764,0.007537550570429456
10,0.16643893848302665,0.14284415623768976,0.13974006498375405,0.12445534921104953,0.14401465120150952,0.10113832239684085,0.09090548132854222,0.10976047394287383,0.18836309468043247,0.09171408463013989,0.07853511031470489,0.09210470312832518,0.08218030362062248,0.10010828251127359,0.09952128458879848,0.08910354431160682,0.07974360319708974,0.08062834538044428
11,0.0024746462622214126,0.002484773188691252,0.005348662834291427,0.01258513473497187,0.006923247683001277,0.0040585133956228744,0.002623864260520273,0.005288672084083499,0.0028153047649384475,0.0033832736104658385,0.004177399484824728,0.003715076156021038,0.004070226491468212,0.002998284692936017,0.0054096988171650606,0.0035958700375010467,0.003202336603879182,0.0026738101295500916
12,0.0002884556992773426,0.0002424168964576831,0.0004123969007748063,0.00014806040864672785,0.001089128142516233,0.0005268059963165725,0.00027132013791004083,0.00013381343973529268,0.0005012273042402894,0.00029439770369791115,0.00024862806585283906,0.0003891405466208616,0.0006516499846569183,0.00040831113308340954,0.00047227529356202904,0.00039660331295967427,0.00046697098483656016,0.00026106230742497784
13,0.0,0.0007878549134874701,0.0002624343914021495,0.0005816658911121452,0.0003121704867084744,0.0007080272590494735,0.00015882154414246293,0.0003740693883509318,0.0004871742022522438,0.000200098439232174,0.00015679247396124986,7.093707881109456e-05,1.7239417583516358e-06,4.003050324347153e-05,2.146705879827405e-05,3.0846924341308e-05,0.0,4.8221700097607374e-05
14,0.0,0.0,0.0,2.115148694953255e-05,0.0,1.264334391159774e-05,3.308782169634644e-06,3.04121453943847e-06,4.684367329348498e-06,1.1499910300699655e-05,0.0001433531190502856,3.850869992602276e-05,2.068730110021963e-05,6.004575486520729e-06,1.9320352918446645e-05,2.864357260264314e-05,8.744774996939329e-06,1.6628172447450817e-05
15,0.011826683670371044,0.006999787885215599,0.005148712821794551,0.007709716993104615,0.006250346856096343,0.006431247603032717,0.005184861659817488,0.0061919128022967255,0.007363825441735839,0.007813039058295345,0.008377197894501065,0.005148005148005148,0.005383870111332159,0.005540221648896459,0.005944228581242084,0.00678632335508776,0.007917519282228868,0.0066961650445884445
16,0.0500091091273456,0.03086270113026878,0.014608847788052987,0.015514615677482127,0.014200288584272157,0.01598118670425954,0.015564511325961367,0.015425040144031921,0.017079203282804625,0.015377680054095578,0.01458841975585172,0.010046717133331306,0.012038285298569474,0.012897828145046525,0.013966468454157097,0.010181688384370304,0.010007520506497367,0.011413577567930242
17,0.026963016942976863,0.02549922729614254,0.018595351162209447,0.021193789923431617,0.017328930573283757,0.015770464305732913,0.011908307028515084,0.014904992457787942,0.01194982105716802,0.012240504524064713,0.019173479672975696,0.014345504109283636,0.012002082521644088,0.016746761031906313,0.013200094455058712,0.013960436616180533,0.012718400755548559,0.01340563262713485
18,0.001837007348029392,0.0029544559255780126,0.0009247688077980505,0.0016392402385887728,0.0012209334591264775,0.0008302462501949183,0.000585654444025332,0.0008971582891343487,0.0007541831400251082,0.000929192752296532,0.0015119274274834808,0.0010397348980026146,0.001410184358331638,0.001379050836737594,0.001543481527595904,0.0011457429041057256,0.0009444356996694475,0.0011490067161188514
19,0.04496872532944677,0.04530165752552953,0.034028992751812044,0.040854097043022126,0.029468893945279982,0.02574606265198353,0.01902880625756884,0.023231837866770473,0.021674567632895502,0.01767766211423551,0.02012991376413932,0.01969010630427953,0.019737409191367877,0.02620396742317646,0.024373698559560356,0.02988626298325012,0.023992164681602743,0.026701519316116525
20,0.0040839254266107974,0.0036211023908366414,0.0028867783054236443,0.0042408731333812765,0.004835173983017926,0.003030188090812925,0.002666878428725523,0.0026154445039170845,0.0026981955817047347,0.003091175888828067,0.004123642065180871,0.003421193972375075,0.003554767905721073,0.003594739191263743,0.003404675525406264,0.003159606393245405,0.0027528551690365007,0.005848128249768453
21,0.01311714337766442,0.009969394866822218,0.006785803549112721,0.008418291805913955,0.012958543759365115,0.00658296772997189,0.005078980630389179,0.00600335750085154,0.004108190147838633,0.005391157948967998,0.005216709597939299,0.005924259467566554,0.004890822768443591,0.005528212497923418,0.005265869523216624,0.005843288810939201,0.005346555433128706,0.005505587897350966
22,0.012631323252565737,0.014787430683918669,0.01018495376155961,0.005583992554676594,0.004890670958432765,0.010068316201602333,0.01204065831530047,0.009230086127195758,0.00954674061721224,0.008866430841839433,0.011553365438458954,0.009979833601880846,0.009529950040167844,0.011318624792091574,0.03912586136573428,0.020343546603092625,0.030232436119418647,0.011526649140572907
23,0.005040383797898828,0.00942395684979243,0.00804798800299925,0.007540505097508355,0.007256229535490316,0.005322847786782648,0.005747354628655377,0.005258259938689115,0.00445951769753977,0.0034706729287511556,0.004264755291745997,0.004819667811793796,0.003739229673864698,0.003764868830048497,0.0031105768198699097,0.003421805250146523,0.0030151984189446803,0.00305293246135197
24,0.0006376389141920204,0.011514802581739947,0.009047738065483629,3.1727230424298826e-05,2.081136578056496e-05,0.015492310739677764,0.006921972298875676,0.007128606880443774,0.006038149487530215,0.003608671852359552,0.008193526710717885,0.008761742620010336,0.005270089955280951,0.005045844933839585,0.013940707983599167,0.005669224023584677,0.024357696276474806,0.007727111736330395
25,0.01240359506892573,0.01012090542710827,0.01282179455136216,0.013610981852024197,0.011862478494922026,0.01070048339718222,0.009115694877343445,0.009868741180477836,0.014231107946560738,0.007619840565243591,0.009700974353231044,0.009941324901954823,0.011174590477635303,0.011172513455252903,0.011946418221239508,0.009564749897544144,0.00996379663151267,0.00945311603637579
26,0.0,0.0,0.0,1.0575743474766275e-05,6.937121926854987e-06,1.264334391159774e-05,9.926346508903933e-06,0.0,2.810620397609099e-05,2.0699838541259378e-05,6.719677455482136e-05,1.2160642081901925e-05,3.6202776925384355e-05,7.60579561625959e-05,4.29341175965481e-06,6.610055215994571e-06,1.0493729996327195e-05,1.1639720713215573e-05
27,0.021755632477075362,0.2105845277415836,0.20349912521869531,0.031272473454883876,0.03201481769243576,0.11842177352399495,0.2439168039811267,0.26130115322855335,0.2122533680601098,0.1694557782449297,0.19229029006607684,0.26991153132885415,0.29868842511024607,0.23668635500251192,0.1602773543996737,0.16093060764034248,0.1399268936810256,0.1687909156968285
28,0.006786299872472217,0.0046362231447531895,0.004573856535866033,0.005647447015525191,0.005612131638825684,0.004121730115180863,0.002445190023360002,0.00431244221692375,0.0029089921115254174,0.00333267400514276,0.026820472617314368,0.007657150964237578,0.015160343822944285,0.004259245545105371,0.0017538587038189897,0.002282672401256792,0.0020217919792923727,0.0017210158483111596
29,0.000926094613469363,0.001409048210660283,0.0009247688077980505,0.0009623926562037312,0.0008740773627837283,0.001416054518098947,0.0017834335894330732,0.0006964381295314096,0.0004356461616294103,0.0004392965734867268,0.0009743532310449098,0.0008836733246182065,0.0010257453462192234,0.0010227793578706974,0.0013953588218878132,0.0016304802866119942,0.0008744774996939328,0.0008347342568620311
30,0.016942976862816542,0.015923759886064058,0.027030742314421395,0.033049198358644616,0.019708363394195016,0.021978346166327403,0.013245055025047482,0.021361490925015814,0.017018306507523093,0.009814023450617085,0.018927091499608018,0.010077118738536062,0.00996955518854751,0.011720931349688463,0.011422621986561621,0.021189633670739928,0.008263812372107666,0.007101892452306244
31,0.0005161838829173498,0.00019696372837186752,0.0006748312921769558,0.0009412411692541985,0.0102946889394528,0.012651772807538805,0.010541779992455976,0.014877621526932996,0.007513725196274991,0.007189743919997424,0.010614850487176615,0.006816039886906029,0.005152861915713039,0.004887724446027873,0.0013717450572097117,0.003882305763527478,0.0033947216538118474,0.004286742856952821
32,0.006209388473917532,0.005090754825611345,0.0063359160209947515,0.008809594314480309,0.0074782174371496755,0.006502893218531771,0.005929337647985282,0.0054650625273709305,0.006975022953399914,0.006366350342467329,0.00594243476313137,0.005628350510240274,0.006073446814672813,0.006242756980819384,0.0069789408153188934,0.00854239469080365,0.008214841632124806,0.006739398292951816
33,0.006968482419384223,0.005257416441926002,0.003986503374156461,0.00559456829815136,0.003919473888673067,0.004796041790466075,0.002398867072985117,0.003667704734562795,0.004042609005227754,0.005023160819345609,0.0048224885205510135,0.0038164148400368875,0.0035047735947288756,0.0038249145849137043,0.00417748964214413,0.00431416270430579,0.0035328890987634887,0.0033705305550982808
34,0.011097953482723022,0.010848156116481319,0.008110472381904524,0.00962392656203731,0.007374160608246851,0.006924338015585028,0.005935955212324552,0.006967422509853535,0.007616781277520658,0.006778047131232376,0.0073423675663568146,0.0068241469816272965,0.007326752472994452,0.008654594801238544,0.00838717987248567,0.009774068312717306,0.0085471430820085,0.008207665920061724
35,0.001852189226938726,0.0010454228659737585,0.0013121719570107473,0.0017449976733364355,0.001602475165103502,0.0010788986804563404,0.0009231502253280657,0.0009366940781470488,0.0006839176300848808,0.0008854930931538734,0.0011580244148280882,0.001134993260977513,0.0013429506297559244,0.0013830538870619412,0.0010626194105145654,0.0015974300105320214,0.0011403186596008884,0.0010874824780632835
36,0.0013208234651120422,0.0012726887064028363,0.0014121469632591853,0.0016286644951140066,0.0014290471169321273,0.0005436637881987028,0.0009992522152296626,0.0005443774025594861,0.0007494987726957597,0.0008233935775300953,0.005077836263859335,0.007002503065495191,0.0022411242858571268,0.0009747427539785316,0.000768520704978211,0.0010752356484684503,0.0007485527397380065,0.000894595677672854
37,0.0019432805003947288,0.0018332777794612285,0.001999500124968758,0.0024006937687719447,0.0022823131139352907,0.001512986821421196,0.0017073315995314764,0.0012833925356430344,0.0008244486499653357,0.0007175944027636585,0.0007593235524694814,0.0001743025365072609,0.0002482476132026356,0.00030223029948821,0.0002769250584977352,0.0005816848590075223,0.00040925546985676057,0.0002677135764039582
38,0.004524199914981478,0.0027726432532347504,0.0043864033991502125,0.004896569228816786,0.0032743215494755538,0.003156621529928902,0.002342617776101328,0.003415283927789402,0.002435871011261219,0.00333037402308262,0.008059133161608242,0.0034110601039734896,0.004242620667303376,0.003132386878801647,0.002406457291286521,0.0032631639249626533,0.0036920440037077847,0.0050932092206541855
39,0.026902289427339528,0.02751431774794703,0.02266933266683329,0.03313380430644274,0.032410233642266494,0.023659910906569902,0.022340897209373118,0.019789183008126127,0.024283760235342615,0.02165203111415731,0.022024862806585284,0.0312954123977746,0.01923229425617085,0.024556712214707607,0.020329304681965525,0.026376323663557005,0.021638071252426675,0.024385214894186626
40,0.009883403169976317,0.009893639586679192,0.008710322419395152,0.010744955370362536,0.00962872523447472,0.009676372540342803,0.007587037514972239,0.008460658848717825,0.007865052745976129,0.008473133909555506,0.013938850935155112,0.012801102564882092,0.011671085704040575,0.010938335011278595,0.010905265869523216,0.01163149382841178,0.010199905556430033,0.011315471350490281
41,7.590939454666909e-05,4.5453168085815584e-05,6.248437890527369e-05,0.0,0.0,4.21444797053258e-06,1.6543910848173223e-05,0.0,4.215930596413648e-05,2.299982060139931e-06,8.95956994064285e-06,8.10709472126795e-06,1.3791534066813086e-05,3.40259277569508e-05,8.58682351930962e-06,4.847373825062685e-05,0.00011193311996082341,6.651268978980327e-06
42,0.002429100625493411,0.0016666161631465712,0.0011747063234191452,0.0017344219298616693,0.001956268383373106,0.0014202689660694793,0.0012209406205951838,0.0011404554522894263,0.001082088853079503,0.0018100858813301255,0.001323776458729981,0.0016579008704992956,0.0020376991583716335,0.002257720382931794,0.0016379365863083098,0.001632683638350659,0.0016597582944190845,0.0012038796851954392
43,0.0,0.0,0.0,1.0575743474766275e-05,0.0,8.007451144011902e-05,3.308782169634644e-06,0.0,0.0,0.0,2.6878709821928546e-05,2.0267736803169873e-06,1.7239417583516358e-06,2.0015251621735764e-06,2.146705879827405e-06,1.7626813909318855e-05,1.7489549993878657e-06,0.0
44,0.007682030728122912,0.006499803036271628,0.00736065983504124,0.008016413553872836,0.006645762805927077,0.006346958643622065,0.006455434012957191,0.005063622208165053,0.0070218666266933984,0.012792500218498296,0.011938626945906597,0.009124535108787078,0.005382146169573807,0.006731129120389737,0.006635467874546508,0.008240535502606566,0.00640817111775714,0.0062039711401439
45,0.00010627315236533673,0.0,0.0,0.00011633317822242904,1.3874243853709974e-05,5.478782361692354e-05,1.9852693017807866e-05,9.123643618315411e-06,1.4053101988045495e-05,4.599964120279862e-06,4.479784970321425e-06,6.080321040950962e-06,6.895767033406543e-06,4.003050324347153e-06,1.717364703861924e-05,3.966033129596743e-05,3.4979099987757316e-05,6.651268978980327e-06
46,0.0003947288516426793,0.0002575679524862883,0.00014996250937265683,0.0004018782520411185,0.00020811365780564958,0.0002486524302614222,0.00027132013791004083,0.0002250498759184468,0.0005761771815098653,0.00016099874420979517,0.00025086795833799977,0.0003931940939814956,0.0002396279044108774,0.00020415556654170477,0.00011806882339050726,0.00014982791822921028,0.00012417580495653846,8.147804499250901e-05
47,4.554563672800146e-05,3.0302112057210386e-05,0.0,1.0575743474766275e-05,1.3874243853709974e-05,1.264334391159774e-05,6.617564339269288e-06,3.04121453943847e-06,2.810620397609099e-05,1.3799892360839586e-05,6.7196774554821365e-06,6.080321040950962e-06,2.068730110021963e-05,0.00022216929300126697,2.146705879827405e-06,0.00015203126996787513,1.9238504993266524e-05,2.4942258671176227e-05
48,0.027312200157891542,0.020923608375503774,0.020857285678580355,0.02726426667794746,0.02298268494367057,0.019348530632715074,0.012924103154592921,0.015054011970220427,0.011785868200640821,0.01264530136664934,0.015388061373054093,0.015186615186615187,0.01284681398323639,0.013934618179052437,0.013146426808063027,0.015989723567490868,0.011299998251045001,0.011298843178042832
49,0.016153519159531185,0.006530105148328838,0.004348912771807048,0.010036380557553196,0.014068483267661913,0.02053279051243473,0.008986652372727694,0.007128606880443774,0.025843654556015665,0.011568909762503852,0.017115018479113002,0.01712826437235886,0.01540686749438857,0.02046559478322482,0.02559302749930232,0.021687591163678188,0.016092134949367752,0.019002675472946796
50,4.554563672800146e-05,3.0302112057210386e-05,1.2496875781054736e-05,1.0575743474766275e-05,6.937121926854987e-06,1.685779188213032e-05,5.624929688378895e-05,6.08242907887694e-06,2.810620397609099e-05,0.0,6.495688206966066e-05,0.0,1.7239417583516358e-06,3.602745291912437e-05,0.0,0.0,1.3991639995102926e-05,2.993071040541147e-05
51,0.00034918321491467783,0.000469682736886761,0.00014996250937265683,0.0001692118955962604,0.0007075864365392086,0.00023179463837929188,0.000297790395267118,6.386550532820788e-05,4.215930596413648e-05,0.00011039913888671669,0.0003606226901108747,9.72851366552154e-05,0.00018618570990197667,0.000118089984568241,5.366764699568512e-05,1.5423462170654e-05,0.00011193311996082341,6.152423805556803e-05
52,0.007226574360842898,0.0038635192872943243,0.004161459635091227,0.004367782055078472,0.004106776180698152,0.002389591999291973,0.0019885780839504212,0.0014263296189966424,0.001634844197942626,0.001430588841407037,0.0012498600067196775,0.0010093332927978598,0.0008033568593918623,0.001218928823763708,0.001139900822188352,0.0008350703089539808,0.0004127533798555363,0.00044896065608117207
53,9.109127345600292e-05,1.5151056028605193e-05,9.997500624843789e-05,5.287871737383138e-05,0.0003052333647816194,3.793003173479322e-05,1.3235128678538576e-05,0.0,1.4053101988045495e-05,0.0003196975063594504,0.0006137305409340351,8.512449457331348e-05,2.4135184616922903e-05,4.803660389216583e-05,0.00014382929394843612,7.711731085326999e-05,0.0,3.3256344894901636e-06
54,0.0005161838829173498,0.00010605739220023636,6.248437890527369e-05,6.345446084859765e-05,9.711970697596981e-05,0.00010536119926331449,8.933711858013539e-05,0.00010036007980146952,9.837171391631846e-05,6.209951562377813e-05,4.9277634673535673e-05,8.10709472126795e-05,0.00019997724396878975,3.0022877432603644e-05,7.084129403430436e-05,0.0002357586360371397,0.00038477009986533046,0.00017958426243246884
55,4.554563672800146e-05,7.575528014302597e-05,0.0003624093976505874,0.0001797876390710267,0.00029135912092790944,0.0001475056789686403,0.00018529180149954008,0.00028283295216777773,8.431861192827296e-05,6.669947974405799e-05,0.00012543397916899989,0.00023915929427740452,0.0001499829329765923,7.60579561625959e-05,0.0003069789408153189,0.00019169160126384255,6.471133497735103e-05,0.0001296997450901164
56,0.001503006012024048,0.0019393351716614647,0.0018620344913771558,0.0024747239730953086,0.002594483600643765,0.001424483414040012,0.0017271842925492844,0.0019159651598462362,0.001428732035451292,0.0010073921423412898,0.0009385149512823385,0.0012484925870752642,0.0014032885912982317,0.0008006100648694305,0.001717364703861924,0.0030538455097894918,0.005155919338195428,0.0020436023937917057
57,0.0012297321916560394,0.0009696675858307324,0.0006373406648337916,0.0008354837345065358,0.0008602031189300183,0.0006153094036977566,0.0005095524541237352,0.0004805118972312783,0.00045438363094680434,0.0004691963402685459,0.0006562884981520887,0.0005087201937595639,0.0008309399275254884,0.0004463401111647075,0.0007513470579395917,0.0005949049694395114,0.0004512303898420694,0.0005753347666817983
58,0.00015181878909333819,0.00018181267234326234,0.00023744063984003998,0.0004441812259401836,0.0006174038514900938,0.00019807905461503126,0.000287864048758214,0.00019767894506350056,0.0002623245704435159,0.0002828977933972115,0.00010751483928771418,0.0003648192624570577,0.00022238848682736102,0.0002842165730286478,0.0001824699997853294,0.00029524913298109085,0.0001329205799534778,0.00012138565886639097
59,0.0007742758243760247,0.00037877640071512985,0.0005373656585853536,0.00046533271288971617,0.0005410955102946889,0.00044673148487645346,0.0003275694347938298,0.0004136051773636319,0.0005527553448631228,0.0005105960173510647,0.0008041214021726957,0.00046818472015322407,0.0006051035571814242,0.00039430045694819455,0.00033703282313290257,0.00032609605732239884,0.00022736414992042254,0.00030429555578834997
60,6.0727515637335276e-05,4.5453168085815584e-05,0.0,0.0,5.5496975414839894e-05,2.950113579372806e-05,4.9631732544519666e-05,0.00010948372341978493,2.342183664674249e-05,2.0699838541259378e-05,4.9277634673535673e-05,6.282998408982661e-05,0.00017067023407681196,6.80518555139016e-05,0.0002254041173818775,0.00015423462170653998,0.000260594294908792,0.0001097459381531754
61,0.008729580372866946,0.006727068876700706,0.009310172456885778,0.016170311772917636,0.008296797824518564,0.0062963852679756745,0.0032029011402063354,0.0037041993090360568,0.002829357866926493,0.0025782798894168624,0.0024549221637361405,0.0031313653360897455,0.003863353480466016,0.0035907361409393958,0.0029774810553206106,0.0027057159350804445,0.002436294314147297,0.0028317777678008743
62,0.01291977895184308,0.005378624890154844,0.004261434641339665,0.004674478615846694,0.005646817248459959,0.0030554747786361203,0.003487456406794915,0.0034244075714077176,0.0019159062377035357,0.00631805071920439,0.003953410236308657,0.004576454970155758,0.005114935197029304,0.003936999993995424,0.0026533284674666725,0.004122471103041947,0.0038914248736380014,0.0033189832205111833
63,0.012676868889293738,0.010833005060452714,0.010547363159210198,0.017397098015990525,0.01022531772018425,0.008677548371326583,0.009741054707404393,0.006988711011629604,0.00910641008825348,0.00998882208718772,0.009172359726733116,0.00962717498150569,0.01136077618753728,0.011166508879766382,0.008956056930639934,0.012226398797851291,0.01032583031638596,0.009654316922989944
64,0.0062397522317362,0.005636192842641132,0.004886278430392402,0.004938872202715851,0.004425883789333482,0.0031018337063119785,0.003358413902179164,0.0031537394773976934,0.0034102194157657065,0.0032084749738952034,0.004202038302161496,0.003865057408364495,0.005333875800339961,0.003953012195292813,0.0036343730545477966,0.004966354818950588,0.004438847788446403,0.0035634173554887102
65,0.0003188194570960102,0.0002272658404290779,0.0004373906523369158,0.0004441812259401836,0.000485598534879849,0.000552092684139768,0.00031764308828492586,0.00022809109045788525,0.0002763776724315614,0.0009889922858601703,0.00035166312017023184,0.0003425247519735709,0.0006171711494898857,0.00025019064527169704,0.0002511645879398064,0.00047812732729027394,0.00025359847491124055,0.00035251725588595733
66,0.0009868221291066983,0.0005605890730583921,0.000524868782804299,0.0004864841998392487,0.0005619068760752539,0.00036665697343633445,0.0002680113557404062,0.000407522748284755,0.0006886019974142293,0.00031049757811889067,0.0004390189270914996,0.0006161391988163641,0.0007188837132326322,0.0005143919666786091,0.00047442199944185647,0.0004913474377222631,0.0004617241198383966,0.0004090530422072901
67,0.00021254630473067346,0.00013635950425744674,9.997500624843789e-05,0.0002220906129700918,0.00011793107275653477,5.478782361692354e-05,4.301416820525037e-05,2.7370930854946232e-05,4.684367329348498e-05,9.659924652587709e-05,3.359838727741068e-05,0.00013579383658123817,7.757737912582361e-05,0.00016612658846040684,3.864070583689329e-05,9.033742128525913e-05,6.471133497735103e-05,9.976903468470491e-05
68,0.0023076455942187407,0.0017575224993182025,0.0029242689327668085,0.004484115233300901,0.0028511571119373995,0.0029501135793728057,0.0021871050141285,0.002712763369179115,0.0018081657891285204,0.002488580589071405,0.00235860678687423,0.0015302141286393255,0.0015067250967993298,0.0022377051313100583,0.0017431251744198528,0.0023377561947234135,0.002418804764153418,0.0024243875428383295
69,0.0028086475982267564,0.0012272355383170206,0.003024243939015246,0.0037966919074410932,0.0033298185248903933,0.0033842017203376614,0.002481586627225983,0.0034183251423288404,0.0028153047649384475,0.0018468855942923646,0.0022914100123194087,0.0021463533274556894,0.0017342854089017457,0.002782119975421271,0.002069424468153618,0.00339316167754388,0.0028980184339856933,0.002422724725593584
70,0.007757940122669582,0.002833247477349171,0.006785803549112721,0.006556960954355091,0.004627060325212276,0.0042397346583557755,0.0023591616869495014,0.0020193664541871444,0.00227660252206337,0.0020768838003063575,0.002824504423787658,0.0024706371163064076,0.0020066682067213042,0.003206443309802069,0.0017989395272953652,0.0019301361230704148,0.0018241600643615439,0.002018660135120529
71,0.0011082771603813687,0.00013635950425744674,7.498125468632842e-05,0.0002538178433943906,0.001484544092346967,0.0023727342074098424,0.004873836135871831,0.003600798014695149,0.00017332159118589444,0.00030359763193847086,0.00010303505431739277,0.0001925434996301138,0.00017067023407681196,0.0016312430071714647,0.00010733529399137024,9.915082823991857e-05,6.471133497735103e-05,0.00013468819682435163
72,0.021178721078520677,0.02027211296627375,0.025181204698825295,0.02684123693895681,0.02905960375159554,0.019074591514630455,0.024703367678492256,0.021081699187387476,0.01606737993966535,0.01368029329371231,0.01672303729420988,0.016473616473616472,0.013201945985456827,0.019825106731329274,0.01847025739003499,0.02949626972550644,0.022500306067124894,0.020504199444951604
73,0.027539928341531548,0.02455986182236902,0.024893776555861034,0.03748043487457168,0.03647538709140352,0.03276311852292028,0.029911390813497186,0.03893971096297017,0.026124716595776573,0.03478262869549618,0.049100683167207976,0.03405790492404666,0.025783272937907067,0.028928043168894697,0.036704377133288967,0.03925932127953042,0.03464854749287301,0.04265458796220084
74,0.0005465476407360175,0.0005151359049725766,0.0005498625343664084,0.0009623926562037312,0.0006798379488317886,0.0007164561549905386,0.0009032975323102579,0.0024481777042479683,0.0005480709775337743,0.000531295855892324,0.0007436443050733565,0.001159314545141317,0.0009688552681936194,0.0013029928805749981,0.001399652233647468,0.0006081250798715005,0.0010703604596253738,0.0008048035464566196
75,0.0,0.0,0.0,0.0,0.0,4.21444797053258e-05,0.0,0.0,0.0,0.0,0.0010841079628177847,6.080321040950962e-06,0.0001586026417683505,0.00027420894721778,2.146705879827405e-06,3.0846924341308e-05,2.6234324990817986e-05,2.3279441426431146e-05
76,0.011583773607821705,0.006424047756128602,0.006535866033491627,0.011136257878928888,0.008740773627837282,0.010999709203090033,0.013628873756725099,0.014676901367330056,0.011373643875658153,0.013705593096373848,0.016913428155448537,0.012105919192533366,0.011324573410611896,0.013632387879564228,0.013953588218878132,0.012063350769190092,0.00630148486279448,0.009887111337254256
78,4.554563672800146e-05,1.5151056028605193e-05,1.2496875781054736e-05,9.518169127289649e-05,9.018258504911482e-05,3.793003173479322e-05,3.970538603561573e-05,2.7370930854946232e-05,2.810620397609099e-05,2.0699838541259378e-05,1.1199462425803562e-05,3.24283788850718e-05,1.8963359341867993e-05,6.004575486520729e-05,1.717364703861924e-05,1.7626813909318855e-05,1.224268499571506e-05,4.988451734235245e-06
79,0.0002429100625493411,4.5453168085815584e-05,1.2496875781054736e-05,0.00037015102161681965,0.00013180531661024475,0.00014329123099810772,0.00034742212781163764,0.00024025594861563915,0.00017332159118589444,0.00020699838541259378,0.000459177959457946,0.0003344176572523029,0.0004430530318963704,0.00018013726459562186,0.00024257776442049674,0.0007028692046340894,0.00019763191493082883,0.00017625862794297867
80,0.005055565676808162,0.0,3.749062734316421e-05,6.345446084859765e-05,1.3874243853709974e-05,0.0018585715550048676,6.948442556232752e-05,0.0001520607269719235,3.7474938634787985e-05,1.1499910300699655e-05,1.3439354910964273e-05,0.0004134618307846654,5.344219450890071e-05,3.602745291912437e-05,2.576047055792886e-05,0.0006962591494180948,0.007193451912482292,0.006493301340729544
81,0.0,0.0,0.0,0.0,0.0,0.0,3.308782169634644e-06,0.0,4.684367329348498e-06,0.0,0.0,1.4187415762218912e-05,0.0,4.003050324347153e-06,2.146705879827405e-06,1.9830165647983714e-05,0.00023960683491613762,8.979213121623442e-05
82,0.014954150725693812,0.009590618466107087,0.009510122469382654,0.016931765303100806,0.01041955713413619,0.007345782812638287,0.006690357547001251,0.006021604788088171,0.004721842267983286,0.008268435506203051,0.007288610146712958,0.006984262102372339,0.005742449997069299,0.007631815443367846,0.007751754932056759,0.009542716380157495,0.0065148573727198,0.005482308455924535
83,0.006664844841197547,0.005530135450440896,0.005736065983504124,0.011284318287575616,0.007894444752760974,0.00697491139123142,0.004976408383130505,0.004461461729356236,0.0031806854166276303,0.0031808751891735246,0.004990480456938067,0.0036867013244966003,0.005113211255270952,0.005183950170029562,0.003505570701758152,0.003593666685762382,0.0032985291288455147,0.0032491448962318897
84,0.12491649966599866,0.08934577740068483,0.11164708822794302,0.14611447184737086,0.17816610244741662,0.1776600541978009,0.13046858973086367,0.12414845992895723,0.06691150293241395,0.13589214004130767,0.11626833911972226,0.10667315234244368,0.10346753645274848,0.12332797591764925,0.13933623854195737,0.11973013347904833,0.1293439669797296,0.1450076406452396
85,0.05819214185947653,0.05749825762855671,0.06800799800049988,0.07963534836499006,0.06451523391975138,0.059019129379338245,0.06944472017629191,0.04997323731205294,0.07663156514081208,0.0906261931156937,0.06008959569940643,0.05883926671328246,0.07523109439270703,0.059617428480502145,0.0657922418049503,0.07303890678500134,0.14609895587386537,0.05165375489076122
86,1.5181878909333819e-05,0.0,3.749062734316421e-05,0.0019353610558822286,0.00027054775514734445,0.00020229350258556383,0.0004268328998828691,0.00018855530144518514,0.00017332159118589444,0.0005565956585538632,0.0003471833351999104,0.0003648192624570577,0.0004792558088217548,0.00033425470208298726,0.0019062748212867356,0.002238605366483495,0.0017681935043811323,0.002402770918656643
87,0.053910852007044395,0.02893851701463592,0.03769057735566109,0.05024535724861458,0.04946861646040291,0.0762562215788165,0.07118183081535011,0.0480329424358912,0.04324607918454534,0.09534575630310084,0.04726621122186135,0.04799602752358658,0.05003740953615623,0.06139077977418793,0.07329497885494708,0.07770119906401618,0.0630725641429246,0.07610381965749291
88,0.0013967328596587113,1.5151056028605193e-05,2.4993751562109472e-05,0.004219721646431744,0.014082357511515622,0.013684312560319286,0.007855048870712646,0.004914602695732568,0.02317356517828702,0.022086727723523755,0.0076738716541606,0.009773102686488512,0.006090686232256329,0.002708063544420849,0.003812549642573471,0.0033380778840772585,0.003347499868828375,0.0031410617753234596
89,0.00985303941215765,0.005211963273840187,0.009785053736565859,0.005361901941706502,0.02364864864864865,0.0026424588775239275,0.007140351922071562,0.0026093620748382073,0.012184039423635443,0.0018353856839916649,0.003715981632881622,0.0025111725899127474,0.005095971837687435,0.00620672952790026,0.017029817744670803,0.01092862462377769,0.007950749427217237,0.06923638443669572
90,0.008471488431408271,0.006211932971728129,0.007498125468632842,0.014901222555945682,0.013416393806537544,0.008820839602324689,0.006571241388894404,0.0069643812953140965,0.005780509284416047,0.011729908506713647,0.02148280882517639,0.010810810810810811,0.007507766357621374,0.007599791040773069,0.009187901165661292,0.00755308976014313,0.01089074278118824,0.0055155648008194365
91,0.0007287301876480233,0.00019696372837186752,0.0003124218945263684,0.0011316045517999916,0.000499472778733559,0.00043408814096485574,0.00029448161309748335,0.00034061602841710864,0.0003419588150424404,0.0013454895051818595,0.00026430731324896407,0.0004033279623830805,0.00011895198132626288,0.00012209303489258815,0.00011377541163085245,0.00016084467692253457,0.00013117162495408994,0.0001263741106006262
92,0.0007287301876480233,0.0002575679524862883,0.0003874031492126968,0.0004018782520411185,0.00038847882790387923,0.0004678037247291164,0.00031764308828492586,0.0002645856649311469,0.0004778054675935468,0.0006163951921175015,0.0002867062381005712,0.0004053547360633975,0.0006171711494898857,0.00025619522075821777,0.00019535023506429385,0.0002666055603784477,0.0004634730748377844,0.00029764428680936967
93,3.0363757818667638e-05,1.5151056028605193e-05,3.749062734316421e-05,3.1727230424298826e-05,0.0013596758976635772,2.10722398526629e-05,0.00014558641546392434,0.0004896355408495937,0.0,0.0018813853251944635,4.9277634673535673e-05,0.001299161929083189,0.0010171256374274652,0.00011408693424389385,2.146705879827405e-05,5.067708998929171e-05,0.0001276737149553142,8.646649672674426e-05
94,0.008334851521224266,0.004272597800066664,0.005798550362409398,0.010744955370362536,0.02166463177756812,0.016145550175110313,0.017701984607545348,0.011568780108023941,0.012741479135827915,0.02872677593114774,0.019666256019711052,0.010263581917125224,0.006964724703740609,0.0067911748752549446,0.011828349397849,0.00716309650239945,0.008561134722003602,0.0061890057849411945
95,0.007165846845205563,0.006045271355413473,0.00569857535616096,0.006292567367485935,0.0037321715966479826,0.003911007716654234,0.003785246802062033,0.0026428154347720306,0.002880885907549326,0.00232298188074133,0.002333967969537462,0.0030746156730408697,0.002503163433126575,0.0024678805249600195,0.003378915054848335,0.002881984074173633,0.0024940098291270966,0.002618937160473504
96,0.005769113985546851,0.004181691463895034,0.002986753311672082,0.004674478615846694,0.0038709140351850823,0.0030554747786361203,0.0020613712916823833,0.0019615833779378132,0.0016114223612958833,0.002267782311297972,0.0028289842087579798,0.0030259731047132623,0.0035013257112121725,0.003957015245617161,0.0025331129381963376,0.0031926566693253776,0.002723122934046907,0.0025873436328233473
97,0.0,0.0,1.2496875781054736e-05,4.23029738990651e-05,1.3874243853709974e-05,0.00012221899114544483,3.3087821696346446e-05,6.08242907887694e-06,0.0,8.739931828531738e-05,8.95956994064285e-06,0.00015606157338440802,0.00011033227253450469,5.404117937868656e-05,2.146705879827405e-05,2.203351738664857e-05,7.870297497245396e-05,2.1616624181686065e-05
99,0.004099107305520131,0.0,0.0,0.0,0.00020811365780564958,0.0021788696007653437,0.0006154334835520439,0.0005382949734806092,0.0005621240795218198,0.0006945945821622591,0.00034046365774442825,0.00044386343598942026,0.0019428823616622936,0.00045834926213774894,0.001590709056952107,0.0,0.0,0.00028434174885140896
